{"cameraMode":{"drawMode":0,"name":"Shaded","section":"Shading Mode"},"sceneLighting":true,"audioPlay":false,"sceneViewState":{"showFog":true,"showMaterialUpdate":true,"showSkybox":true,"showFlares":true,"showImageEffects":true,"showParticleSystems":true},"in2DMode":false,"pivot":{"x":2.925614595413208,"y":4.592221736907959,"z":137.63169860839845},"rotation":{"x":-0.00026632778462953866,"y":0.9986215233802795,"z":0.005083369091153145,"w":0.052461858838796619},"size":0.519616425037384,"orthographic":false}