{"cameraMode":{"drawMode":0,"name":"Shaded","section":"Shading Mode"},"sceneLighting":false,"audioPlay":false,"sceneViewState":{"showFog":true,"showMaterialUpdate":true,"showSkybox":false,"showFlares":true,"showImageEffects":true,"showParticleSystems":true},"in2DMode":false,"pivot":{"x":-1.5602951049804688,"y":0.510154128074646,"z":34.32817459106445},"rotation":{"x":0.0258776992559433,"y":-0.24518680572509767,"z":0.006601506844162941,"w":0.9691601991653442},"size":1.3276395797729493,"orthographic":false}