{"cameraMode":{"drawMode":0,"name":"Shaded","section":"Shading Mode"},"sceneLighting":false,"audioPlay":false,"sceneViewState":{"showFog":true,"showMaterialUpdate":true,"showSkybox":false,"showFlares":true,"showImageEffects":true,"showParticleSystems":true},"in2DMode":false,"pivot":{"x":0.6794242262840271,"y":0.7083514928817749,"z":33.71774673461914},"rotation":{"x":0.07904520630836487,"y":-0.04513060301542282,"z":0.003647276433184743,"w":0.9958919286727905},"size":1.1284936666488648,"orthographic":false}