{"cameraMode":{"drawMode":0,"name":"Shaded","section":"Shading Mode"},"sceneLighting":false,"audioPlay":false,"sceneViewState":{"showFog":true,"showMaterialUpdate":true,"showSkybox":false,"showFlares":true,"showImageEffects":true,"showParticleSystems":true},"in2DMode":false,"pivot":{"x":-1.8504713773727418,"y":-0.7911164164543152,"z":45.268680572509769},"rotation":{"x":0.18538403511047364,"y":-0.6604164838790894,"z":0.1732158213853836,"w":0.706792414188385},"size":2.59910249710083,"orthographic":false}