{"cameraMode":{"drawMode":0,"name":"Shaded","section":"Shading Mode"},"sceneLighting":true,"audioPlay":false,"sceneViewState":{"showFog":true,"showMaterialUpdate":true,"showSkybox":true,"showFlares":true,"showImageEffects":true,"showParticleSystems":true},"in2DMode":false,"pivot":{"x":-1.759058952331543,"y":2.5093495845794679,"z":182.5542449951172},"rotation":{"x":0.026868458837270738,"y":0.8977090716362,"z":0.055267419666051868,"w":-0.43631887435913088},"size":1.8932826519012452,"orthographic":false}